doi,rank,raw_name,raw_affiliation,matched_faculty_id,confidence_score,match_signals
10.1038/s41551-023-01045-x,1,Hong-Yu Zhou,"Department of Computer Science, The University of Hong Kong, Pokfulam, China",,0,"{""relevance"": ""school_affiliation_hit"", ""decision"": ""NEEDS_REVIEW"", ""source"": ""meta-guided"", ""evidence_score"": 0.5, ""evidence_sources"": [""crossref"", ""structured_aff""], ""memory_hint_count"": 0, ""memory_top_score"": 0.0, ""match_trace"": {}, ""name_only_candidate"": null}"
10.1038/s41551-023-01045-x,2,Yizhou Yu,"Department of Computer Science, The University of Hong Kong, Pokfulam, China",,0,"{""relevance"": ""school_affiliation_hit"", ""decision"": ""NEEDS_REVIEW"", ""source"": ""meta-guided"", ""evidence_score"": 0.6, ""evidence_sources"": [""crossref"", ""structured_aff"", ""correspondence_marker""], ""memory_hint_count"": 0, ""memory_top_score"": 0.0, ""match_trace"": {}, ""name_only_candidate"": null}"
10.1038/s41551-023-01045-x,3,Chengdi Wang,"Department of Pulmonary and Critical Care Medicine, Med-X Center for Manufacturing, Frontiers Science Center for Disease-related Molecular Network, West China Hospital, Sichuan University, Chengdu, China",9.0,97,"{""relevance"": ""matched_faculty"", ""decision"": ""COMPLETED"", ""source"": ""meta-guided"", ""evidence_score"": 0.6, ""evidence_sources"": [""crossref"", ""structured_aff"", ""correspondence_marker""], ""memory_hint_count"": 0, ""memory_top_score"": 0.0, ""match_trace"": {""name_score"": 1.0, ""aff_score"": 1.0, ""aff_used"": ""Department of Pulmonary and Critical Care Medicine, Med-X Center for Manufacturing, Frontiers Science Center for Disease-related Molecular Network, West China Hospital, Sichuan University, Chengdu, China"", ""posterior"": 0.9781187290638694, ""fusion"": ""sigmoid_logit"", ""fusion_logit"": 3.8}, ""name_only_can"
10.1038/s41551-023-01045-x,4,Shu Zhang,"AI Lab, Deepwise Healthcare, Beijing, China",,0,"{""relevance"": ""name_only_candidate"", ""decision"": ""SKIPPED"", ""source"": ""meta-guided"", ""evidence_score"": 0.5, ""evidence_sources"": [""crossref"", ""structured_aff""], ""memory_hint_count"": 0, ""memory_top_score"": 0.0, ""match_trace"": {}, ""name_only_candidate"": {""faculty_id"": 80, ""employee_id"": ""gen_f0f1f714"", ""name_zh"": ""Shuting Zhang"", ""department"": ""Department of Neurology and State Key Laboratory of Biotherapy, West China Hospital, Sichuan University, Chengdu, Sichuan, China"", ""name_score"": 0.8181818181818182, ""aff_score"": 0.25847953216374264, ""aff_used"": ""AI Lab, Deepwise Healthcare, Beijing, China"""
10.1038/s41551-023-01045-x,5,Yuanxu Gao,"Guangzhou Laboratory, Guangzhou, China",,0,"{""relevance"": ""school_affiliation_hit"", ""decision"": ""NEEDS_REVIEW"", ""source"": ""meta-guided"", ""evidence_score"": 0.5, ""evidence_sources"": [""crossref"", ""structured_aff""], ""memory_hint_count"": 0, ""memory_top_score"": 0.0, ""match_trace"": {}, ""name_only_candidate"": null}"
10.1038/s41551-023-01045-x,6,Jia Pan,"Department of Computer Science, The University of Hong Kong, Pokfulam, China",,0,"{""relevance"": ""school_affiliation_hit"", ""decision"": ""NEEDS_REVIEW"", ""source"": ""meta-guided"", ""evidence_score"": 0.5, ""evidence_sources"": [""crossref"", ""structured_aff""], ""memory_hint_count"": 0, ""memory_top_score"": 0.0, ""match_trace"": {}, ""name_only_candidate"": null}"
10.1038/s41551-023-01045-x,7,Jun Shao,"Department of Pulmonary and Critical Care Medicine, Med-X Center for Manufacturing, Frontiers Science Center for Disease-related Molecular Network, West China Hospital, Sichuan University, Chengdu, China",37.0,97,"{""relevance"": ""matched_faculty"", ""decision"": ""COMPLETED"", ""source"": ""meta-guided"", ""evidence_score"": 0.5, ""evidence_sources"": [""crossref"", ""structured_aff""], ""memory_hint_count"": 0, ""memory_top_score"": 0.0, ""match_trace"": {""name_score"": 1.0, ""aff_score"": 1.0, ""aff_used"": ""Department of Pulmonary and Critical Care Medicine, Med-X Center for Manufacturing, Frontiers Science Center for Disease-related Molecular Network, West China Hospital, Sichuan University, Chengdu, China"", ""posterior"": 0.9781187290638694, ""fusion"": ""sigmoid_logit"", ""fusion_logit"": 3.8}, ""name_only_candidate"": null}"
10.1038/s41551-023-01045-x,8,Guangming Lu,"Department of Medical Imaging, Jinling Hospital, Nanjing University School of Medicine, Nanjing, China",,0,"{""relevance"": ""name_only_candidate"", ""decision"": ""SKIPPED"", ""source"": ""meta-guided"", ""evidence_score"": 0.5, ""evidence_sources"": [""crossref"", ""structured_aff""], ""memory_hint_count"": 0, ""memory_top_score"": 0.0, ""match_trace"": {}, ""name_only_candidate"": {""faculty_id"": 73, ""employee_id"": ""gen_9607870d"", ""name_zh"": ""Quanying Liu"", ""department"": ""National Engineering Research Center for Biomaterials, Sichuan University, Chengdu, Sichuan, China"", ""name_score"": 0.75, ""aff_score"": 0.39949999999999997, ""aff_used"": ""Department of Medical Imaging, Jinling Hospital, Nanjing University School of Medicine, N"
10.1038/s41551-023-01045-x,9,Kang Zhang,"Zhuhai International Eye Center and Provincial Key Laboratory of Tumor Interventional Diagnosis and Treatment, Zhuhai People's Hospital and the First Affiliated Hospital of Faculty of Medicine, Macau University of Science and Technology and University Hospital, Guangdong, China; Department of Big Data and Biomedical Artificial Intelligence, National Biomedical Imaging Center, College of Future Technology, Peking University, Beijing, China; Clinical Translational Research Center, West China Hospital, Sichuan University, Chengdu, China",114.0,79,"{""relevance"": ""matched_faculty"", ""decision"": ""COMPLETED"", ""source"": ""meta-guided"", ""evidence_score"": 0.6, ""evidence_sources"": [""crossref"", ""structured_aff"", ""correspondence_marker""], ""memory_hint_count"": 0, ""memory_top_score"": 0.0, ""match_trace"": {""name_score"": 0.8421052631578947, ""aff_score"": 0.6885, ""aff_used"": ""Clinical Translational Research Center, West China Hospital, Sichuan University, Chengdu, China"", ""posterior"": 0.7958999476768376, ""fusion"": ""sigmoid_logit"", ""fusion_logit"": 1.3608631578947368}, ""name_only_candidate"": null}"
10.1038/s41551-023-01045-x,10,Weimin Li,"Department of Pulmonary and Critical Care Medicine, Med-X Center for Manufacturing, Frontiers Science Center for Disease-related Molecular Network, West China Hospital, Sichuan University, Chengdu, China",91.0,97,"{""relevance"": ""matched_faculty"", ""decision"": ""COMPLETED"", ""source"": ""meta-guided"", ""evidence_score"": 0.6, ""evidence_sources"": [""crossref"", ""structured_aff"", ""correspondence_marker""], ""memory_hint_count"": 0, ""memory_top_score"": 0.0, ""match_trace"": {""name_score"": 1.0, ""aff_score"": 1.0, ""aff_used"": ""Department of Pulmonary and Critical Care Medicine, Med-X Center for Manufacturing, Frontiers Science Center for Disease-related Molecular Network, West China Hospital, Sichuan University, Chengdu, China"", ""posterior"": 0.9781187290638694, ""fusion"": ""sigmoid_logit"", ""fusion_logit"": 3.8}, ""name_only_can"
10.1038/s41392-022-01130-8,1,Chengdi Wang,Unknown,,0,"{""relevance"": ""name_only_candidate"", ""decision"": ""NEEDS_REVIEW"", ""source"": null, ""evidence_score"": 0.4, ""evidence_sources"": [""crossref""], ""memory_hint_count"": 0, ""memory_top_score"": 0.0, ""match_trace"": {}, ""name_only_candidate"": {""faculty_id"": 9, ""employee_id"": ""gen_611e8e21"", ""name_zh"": ""Chengdi Wang"", ""department"": ""Department of Pulmonary and Critical Care Medicine, Med-X Center for Manufacturing, Frontiers Science Center for Disease-related Molecular Network, West China Hospital, Sichuan University, Chengdu, China"", ""name_score"": 1.0, ""aff_score"": 0.0, ""aff_used"": """", ""reason"": ""affiliatio"
10.1038/s41392-022-01130-8,3,Tingting Song,Unknown,,0,"{""relevance"": ""name_only_candidate"", ""decision"": ""NEEDS_REVIEW"", ""source"": null, ""evidence_score"": 0.4, ""evidence_sources"": [""crossref""], ""memory_hint_count"": 0, ""memory_top_score"": 0.0, ""match_trace"": {}, ""name_only_candidate"": {""faculty_id"": 88, ""employee_id"": ""gen_5c9cca6f"", ""name_zh"": ""Tingting Song"", ""department"": ""Department of Respiratory and Critical Care Medicine, Med-X Center for Manufacturing, Center of Precision Medicine, Precision Medicine Key Laboratory of Sichuan Province, Frontiers Science Center for Disease-related Molecular Network, West China Hospital, West China Medical Sch"
10.1038/s41392-022-01130-8,4,Zhoufeng Wang,Unknown,,0,"{""relevance"": ""name_only_candidate"", ""decision"": ""NEEDS_REVIEW"", ""source"": null, ""evidence_score"": 0.4, ""evidence_sources"": [""crossref""], ""memory_hint_count"": 0, ""memory_top_score"": 0.0, ""match_trace"": {}, ""name_only_candidate"": {""faculty_id"": 149, ""employee_id"": ""gen_2bc25ff2"", ""name_zh"": ""Zhoufeng Wang"", ""department"": ""Department of Respiratory and Critical Care Medicine, Med-X Center for Manufacturing, Center of Precision Medicine, Precision Medicine Key Laboratory of Sichuan Province, Frontiers Science Center for Disease-related Molecular Network, West China Hospital, West China Medical Sc"
10.1038/s41392-022-01130-8,5,Lujia Song,Unknown,,0,"{""relevance"": ""name_only_candidate"", ""decision"": ""NEEDS_REVIEW"", ""source"": null, ""evidence_score"": 0.4, ""evidence_sources"": [""crossref""], ""memory_hint_count"": 0, ""memory_top_score"": 0.0, ""match_trace"": {}, ""name_only_candidate"": {""faculty_id"": 48, ""employee_id"": ""gen_199a64c2"", ""name_zh"": ""Lujia Song"", ""department"": ""Department of Respiratory and Critical Care Medicine, Med-X Center for Manufacturing, Center of Precision Medicine, Precision Medicine Key Laboratory of Sichuan Province, Frontiers Science Center for Disease-related Molecular Network, West China Hospital, West China Medical School"
10.1038/s41392-022-01130-8,6,Ying Yang,Unknown,,0,"{""relevance"": ""name_only_candidate"", ""decision"": ""NEEDS_REVIEW"", ""source"": null, ""evidence_score"": 0.4, ""evidence_sources"": [""crossref""], ""memory_hint_count"": 0, ""memory_top_score"": 0.0, ""match_trace"": {}, ""name_only_candidate"": {""faculty_id"": 123, ""employee_id"": ""gen_64cc0aad"", ""name_zh"": ""Ying Yang"", ""department"": ""Department of Respiratory and Critical Care Medicine, Med-X Center for Manufacturing, Center of Precision Medicine, Precision Medicine Key Laboratory of Sichuan Province, Frontiers Science Center for Disease-related Molecular Network, West China Hospital, West China Medical School"
10.1038/s41392-022-01130-8,7,Jun Shao,Unknown,,0,"{""relevance"": ""name_only_candidate"", ""decision"": ""NEEDS_REVIEW"", ""source"": null, ""evidence_score"": 0.4, ""evidence_sources"": [""crossref""], ""memory_hint_count"": 0, ""memory_top_score"": 0.0, ""match_trace"": {}, ""name_only_candidate"": {""faculty_id"": 37, ""employee_id"": ""gen_1d08e58a"", ""name_zh"": ""Jun Shao"", ""department"": ""Department of Pulmonary and Critical Care Medicine, Med-X Center for Manufacturing, Frontiers Science Center for Disease-related Molecular Network, West China Hospital, Sichuan University, Chengdu, China"", ""name_score"": 1.0, ""aff_score"": 0.0, ""aff_used"": """", ""reason"": ""affiliation_u"
10.1038/s41392-022-01130-8,8,Jingwei Li,Unknown,,0,"{""relevance"": ""name_only_candidate"", ""decision"": ""NEEDS_REVIEW"", ""source"": null, ""evidence_score"": 0.4, ""evidence_sources"": [""crossref""], ""memory_hint_count"": 0, ""memory_top_score"": 0.0, ""match_trace"": {}, ""name_only_candidate"": {""faculty_id"": 32, ""employee_id"": ""gen_5ae1824f"", ""name_zh"": ""Jingwei Li"", ""department"": ""Department of Respiratory and Critical Care Medicine, Med-X Center for Manufacturing, Center of Precision Medicine, Precision Medicine Key Laboratory of Sichuan Province, Frontiers Science Center for Disease-related Molecular Network, West China Hospital, West China Medical School"
10.1038/s41392-022-01130-8,9,Yinyun Ni,Unknown,,0,"{""relevance"": ""name_only_candidate"", ""decision"": ""NEEDS_REVIEW"", ""source"": null, ""evidence_score"": 0.4, ""evidence_sources"": [""crossref""], ""memory_hint_count"": 0, ""memory_top_score"": 0.0, ""match_trace"": {}, ""name_only_candidate"": {""faculty_id"": 124, ""employee_id"": ""gen_ec744014"", ""name_zh"": ""Yinyun Ni"", ""department"": ""Department of Respiratory and Critical Care Medicine, Med-X Center for Manufacturing, Center of Precision Medicine, Precision Medicine Key Laboratory of Sichuan Province, Frontiers Science Center for Disease-related Molecular Network, West China Hospital, West China Medical School"
10.1038/s41392-022-01130-8,10,Ningning Chao,Unknown,,0,"{""relevance"": ""name_only_candidate"", ""decision"": ""NEEDS_REVIEW"", ""source"": null, ""evidence_score"": 0.4, ""evidence_sources"": [""crossref""], ""memory_hint_count"": 0, ""memory_top_score"": 0.0, ""match_trace"": {}, ""name_only_candidate"": {""faculty_id"": 57, ""employee_id"": ""gen_c839dba6"", ""name_zh"": ""Ningning Chao"", ""department"": ""Department of Respiratory and Critical Care Medicine, Med-X Center for Manufacturing, Center of Precision Medicine, Precision Medicine Key Laboratory of Sichuan Province, Frontiers Science Center for Disease-related Molecular Network, West China Hospital, West China Medical Sch"
10.1038/s41392-022-01130-8,11,Li Zhang,Unknown,,0,"{""relevance"": ""name_only_candidate"", ""decision"": ""NEEDS_REVIEW"", ""source"": null, ""evidence_score"": 0.4, ""evidence_sources"": [""crossref""], ""memory_hint_count"": 0, ""memory_top_score"": 0.0, ""match_trace"": {}, ""name_only_candidate"": {""faculty_id"": 41, ""employee_id"": ""gen_5272deea"", ""name_zh"": ""Li Zhang"", ""department"": ""Department of Respiratory and Critical Care Medicine, Med-X Center for Manufacturing, Center of Precision Medicine, Precision Medicine Key Laboratory of Sichuan Province, Frontiers Science Center for Disease-related Molecular Network, West China Hospital, West China Medical School, "
10.1038/s41392-022-01130-8,12,Weimin Li,Unknown,,0,"{""relevance"": ""name_only_candidate"", ""decision"": ""NEEDS_REVIEW"", ""source"": null, ""evidence_score"": 0.4, ""evidence_sources"": [""crossref""], ""memory_hint_count"": 0, ""memory_top_score"": 0.0, ""match_trace"": {}, ""name_only_candidate"": {""faculty_id"": 91, ""employee_id"": ""gen_35aa24ba"", ""name_zh"": ""Weimin Li"", ""department"": ""Department of Pulmonary and Critical Care Medicine, Med-X Center for Manufacturing, Frontiers Science Center for Disease-related Molecular Network, West China Hospital, Sichuan University, Chengdu, China"", ""name_score"": 1.0, ""aff_score"": 0.0, ""aff_used"": """", ""reason"": ""affiliation_"
10.1038/s41467-023-42720-6,1,Shengdong Wang,Unknown,,0,"{""relevance"": ""name_only_candidate"", ""decision"": ""NEEDS_REVIEW"", ""source"": null, ""evidence_score"": 0.4, ""evidence_sources"": [""crossref""], ""memory_hint_count"": 0, ""memory_top_score"": 0.0, ""match_trace"": {}, ""name_only_candidate"": {""faculty_id"": 78, ""employee_id"": ""gen_d842623c"", ""name_zh"": ""Shengdong Wang"", ""department"": ""College of Polymer Science and Engineering, State Key Laboratory of Polymer Materials Engineering, Sichuan University, Chengdu, People's Republic of China"", ""name_score"": 1.0, ""aff_score"": 0.0, ""aff_used"": """", ""reason"": ""affiliation_unknown""}}"
10.1038/s41467-023-42720-6,2,Zhipeng Xie,Unknown,,0,"{""relevance"": ""name_only_candidate"", ""decision"": ""NEEDS_REVIEW"", ""source"": null, ""evidence_score"": 0.4, ""evidence_sources"": [""crossref""], ""memory_hint_count"": 0, ""memory_top_score"": 0.0, ""match_trace"": {}, ""name_only_candidate"": {""faculty_id"": 145, ""employee_id"": ""gen_08d54764"", ""name_zh"": ""Zheng Xiang"", ""department"": ""Department of Geriatrics and State Key Laboratory of Biotherapy, National Clinical Research Center for Geriatrics, West China Hospital, Sichuan University, Chengdu, Sichuan, China"", ""name_score"": 0.7272727272727273, ""aff_score"": 0.0, ""aff_used"": """", ""reason"": ""affiliation_unknow"
10.1038/s41467-023-42720-6,3,Da Zhu,Unknown,,0,"{""relevance"": ""name_only_candidate"", ""decision"": ""NEEDS_REVIEW"", ""source"": null, ""evidence_score"": 0.4, ""evidence_sources"": [""crossref""], ""memory_hint_count"": 0, ""memory_top_score"": 0.0, ""match_trace"": {}, ""name_only_candidate"": {""faculty_id"": 74, ""employee_id"": ""gen_7d19b855"", ""name_zh"": ""Ran Zhou"", ""department"": ""Department of Neurosurgery, State Key Laboratory of Biotherapy and Cancer Center, West China Hospital, Sichuan University, Chengdu, China"", ""name_score"": 0.7142857142857143, ""aff_score"": 0.0, ""aff_used"": """", ""reason"": ""affiliation_unknown""}}"
10.1038/s41467-023-42720-6,5,Yishi Wu,Unknown,,0,"{""relevance"": ""name_only_candidate"", ""decision"": ""NEEDS_REVIEW"", ""source"": null, ""evidence_score"": 0.4, ""evidence_sources"": [""crossref""], ""memory_hint_count"": 0, ""memory_top_score"": 0.0, ""match_trace"": {}, ""name_only_candidate"": {""faculty_id"": 121, ""employee_id"": ""gen_cc251c4e"", ""name_zh"": ""Yi Wu"", ""department"": ""Department of Biotherapy, Cancer Center and State Key Laboratory of Biotherapy, West China Hospital, and West China School of Basic Medical Sciences and Forensic Medicine, Sichuan University, and Collaborative Innovation Center for Biotherapy, Chengdu, China"", ""name_score"": 0.76923076"
10.1038/s41467-023-42720-6,8,Panke Zhou,Unknown,,0,"{""relevance"": ""name_only_candidate"", ""decision"": ""NEEDS_REVIEW"", ""source"": null, ""evidence_score"": 0.4, ""evidence_sources"": [""crossref""], ""memory_hint_count"": 0, ""memory_top_score"": 0.0, ""match_trace"": {}, ""name_only_candidate"": {""faculty_id"": 74, ""employee_id"": ""gen_7d19b855"", ""name_zh"": ""Ran Zhou"", ""department"": ""Department of Neurosurgery, State Key Laboratory of Biotherapy and Cancer Center, West China Hospital, Sichuan University, Chengdu, China"", ""name_score"": 0.7777777777777778, ""aff_score"": 0.0, ""aff_used"": """", ""reason"": ""affiliation_unknown""}}"
10.1038/s41467-023-42720-6,11,Qing Liao,Unknown,,0,"{""relevance"": ""name_only_candidate"", ""decision"": ""NEEDS_REVIEW"", ""source"": null, ""evidence_score"": 0.4, ""evidence_sources"": [""crossref""], ""memory_hint_count"": 0, ""memory_top_score"": 0.0, ""match_trace"": {}, ""name_only_candidate"": {""faculty_id"": 69, ""employee_id"": ""gen_dee143a8"", ""name_zh"": ""Qing Mao"", ""department"": ""Department of Neurosurgery, West China Hospital, Sichuan University, Chengdu, China"", ""name_score"": 0.8235294117647058, ""aff_score"": 0.0, ""aff_used"": """", ""reason"": ""affiliation_unknown""}}"
10.1038/s41467-023-42720-6,12,Hong Xu,Unknown,,0,"{""relevance"": ""name_only_candidate"", ""decision"": ""NEEDS_REVIEW"", ""source"": null, ""evidence_score"": 0.4, ""evidence_sources"": [""crossref""], ""memory_hint_count"": 0, ""memory_top_score"": 0.0, ""match_trace"": {}, ""name_only_candidate"": {""faculty_id"": 22, ""employee_id"": ""gen_1d3f1947"", ""name_zh"": ""Heng Xu"", ""department"": ""Department of Laboratory Medicine, Precision Medicine Center, State Key Laboratory of Biotherapy, West China Hospital, Sichuan University, Chengdu, Sichuan, China"", ""name_score"": 0.8571428571428571, ""aff_score"": 0.0, ""aff_used"": """", ""reason"": ""affiliation_unknown""}}"
10.1038/s41467-023-42720-6,13,Xiong Chen,Unknown,,0,"{""relevance"": ""name_only_candidate"", ""decision"": ""NEEDS_REVIEW"", ""source"": null, ""evidence_score"": 0.4, ""evidence_sources"": [""crossref""], ""memory_hint_count"": 0, ""memory_top_score"": 0.0, ""match_trace"": {}, ""name_only_candidate"": {""faculty_id"": 106, ""employee_id"": ""gen_69492691"", ""name_zh"": ""Xingyu Chen"", ""department"": ""Department of Biotherapy, Cancer Center and State Key Laboratory of Biotherapy, West China Hospital, and West China School of Basic Medical Sciences and Forensic Medicine, Sichuan University, and Collaborative Innovation Center for Biotherapy, Chengdu, China"", ""name_score"": 0.85"
10.1038/s41467-023-42720-6,14,Cheng Gu,Unknown,,0,"{""relevance"": ""name_only_candidate"", ""decision"": ""NEEDS_REVIEW"", ""source"": null, ""evidence_score"": 0.4, ""evidence_sources"": [""crossref""], ""memory_hint_count"": 0, ""memory_top_score"": 0.0, ""match_trace"": {}, ""name_only_candidate"": {""faculty_id"": 8, ""employee_id"": ""gen_a20fe350"", ""name_zh"": ""Cheng Gu"", ""department"": ""College of Polymer Science and Engineering, State Key Laboratory of Polymer Materials Engineering, Sichuan University, Chengdu, People's Republic of China"", ""name_score"": 1.0, ""aff_score"": 0.0, ""aff_used"": """", ""reason"": ""affiliation_unknown""}}"
10.1038/s41467-024-47121-x,1,Jie Liang,Unknown,,0,"{""relevance"": ""name_only_candidate"", ""decision"": ""NEEDS_REVIEW"", ""source"": null, ""evidence_score"": 0.4, ""evidence_sources"": [""crossref""], ""memory_hint_count"": 0, ""memory_top_score"": 0.0, ""match_trace"": {}, ""name_only_candidate"": {""faculty_id"": 29, ""employee_id"": ""gen_595ef3d5"", ""name_zh"": ""Jie Liang"", ""department"": ""National Engineering Research Center for Biomaterials, Sichuan University, Chengdu, Sichuan, China"", ""name_score"": 1.0, ""aff_score"": 0.0, ""aff_used"": """", ""reason"": ""affiliation_unknown""}}"
10.1038/s41467-024-47121-x,3,Zixiao Li,Unknown,,0,"{""relevance"": ""name_only_candidate"", ""decision"": ""NEEDS_REVIEW"", ""source"": null, ""evidence_score"": 0.4, ""evidence_sources"": [""crossref""], ""memory_hint_count"": 0, ""memory_top_score"": 0.0, ""match_trace"": {}, ""name_only_candidate"": {""faculty_id"": 102, ""employee_id"": ""gen_4749a1b3"", ""name_zh"": ""Xiaolan Li"", ""department"": ""Department of Neurology and State Key Laboratory of Biotherapy, West China Hospital, Sichuan University, Chengdu, Sichuan, China"", ""name_score"": 0.7368421052631579, ""aff_score"": 0.0, ""aff_used"": """", ""reason"": ""affiliation_unknown""}}"
10.1038/s41467-024-47121-x,4,Yongchao Yao,Unknown,,0,"{""relevance"": ""name_only_candidate"", ""decision"": ""NEEDS_REVIEW"", ""source"": null, ""evidence_score"": 0.4, ""evidence_sources"": [""crossref""], ""memory_hint_count"": 0, ""memory_top_score"": 0.0, ""match_trace"": {}, ""name_only_candidate"": {""faculty_id"": 7, ""employee_id"": ""gen_9b7a2c64"", ""name_zh"": ""Chao You"", ""department"": ""Department of Neurosurgery, West China Hospital, Sichuan University, Chengdu, China"", ""name_score"": 0.7, ""aff_score"": 0.0, ""aff_used"": """", ""reason"": ""affiliation_unknown""}}"
10.1038/s41467-024-47121-x,5,Yongsong Luo,Unknown,,0,"{""relevance"": ""name_only_candidate"", ""decision"": ""NEEDS_REVIEW"", ""source"": null, ""evidence_score"": 0.4, ""evidence_sources"": [""crossref""], ""memory_hint_count"": 0, ""memory_top_score"": 0.0, ""match_trace"": {}, ""name_only_candidate"": {""faculty_id"": 15, ""employee_id"": ""gen_c42895b3"", ""name_zh"": ""Gonggong Lu"", ""department"": ""National Engineering Research Center for Biomaterials, Sichuan University, Chengdu, Sichuan, China"", ""name_score"": 0.782608695652174, ""aff_score"": 0.0, ""aff_used"": """", ""reason"": ""affiliation_unknown""}}"
10.1038/s41467-024-47121-x,6,Shengjun Sun,Unknown,,0,"{""relevance"": ""name_only_candidate"", ""decision"": ""NEEDS_REVIEW"", ""source"": null, ""evidence_score"": 0.4, ""evidence_sources"": [""crossref""], ""memory_hint_count"": 0, ""memory_top_score"": 0.0, ""match_trace"": {}, ""name_only_candidate"": {""faculty_id"": 24, ""employee_id"": ""gen_1b6f6474"", ""name_zh"": ""Huan Sun"", ""department"": ""National Engineering Research Center for Biomaterials, Sichuan University, Chengdu, Sichuan, China"", ""name_score"": 0.7, ""aff_score"": 0.0, ""aff_used"": """", ""reason"": ""affiliation_unknown""}}"
10.1038/s41467-024-47121-x,7,Dongdong Zheng,Unknown,,0,"{""relevance"": ""name_only_candidate"", ""decision"": ""NEEDS_REVIEW"", ""source"": null, ""evidence_score"": 0.4, ""evidence_sources"": [""crossref""], ""memory_hint_count"": 0, ""memory_top_score"": 0.0, ""match_trace"": {}, ""name_only_candidate"": {""faculty_id"": 105, ""employee_id"": ""gen_306ec32d"", ""name_zh"": ""Xingdong Zhang"", ""department"": ""National Engineering Research Center for Biomaterials, Sichuan University, Chengdu, Sichuan, China"", ""name_score"": 0.7857142857142857, ""aff_score"": 0.0, ""aff_used"": """", ""reason"": ""affiliation_unknown""}}"
10.1038/s41467-024-47121-x,8,Qian Liu,Unknown,,0,"{""relevance"": ""name_only_candidate"", ""decision"": ""NEEDS_REVIEW"", ""source"": null, ""evidence_score"": 0.4, ""evidence_sources"": [""crossref""], ""memory_hint_count"": 0, ""memory_top_score"": 0.0, ""match_trace"": {}, ""name_only_candidate"": {""faculty_id"": 19, ""employee_id"": ""gen_81794865"", ""name_zh"": ""Han Liu"", ""department"": ""Department of Computer Science and Technology, Sichuan University, Chengdu, China"", ""name_score"": 0.8, ""aff_score"": 0.0, ""aff_used"": """", ""reason"": ""affiliation_unknown""}}"
10.1038/s41467-024-47121-x,9,Xuping Sun,Unknown,,0,"{""relevance"": ""name_only_candidate"", ""decision"": ""NEEDS_REVIEW"", ""source"": null, ""evidence_score"": 0.4, ""evidence_sources"": [""crossref""], ""memory_hint_count"": 0, ""memory_top_score"": 0.0, ""match_trace"": {}, ""name_only_candidate"": {""faculty_id"": 112, ""employee_id"": ""gen_4472aa37"", ""name_zh"": ""Xuping Sun"", ""department"": ""High Altitude Medical Center, West China Hospital, Sichuan University, Chengdu, Sichuan, China"", ""name_score"": 1.0, ""aff_score"": 0.0, ""aff_used"": """", ""reason"": ""affiliation_unknown""}}"
10.1038/s41467-024-47121-x,10,Bo Tang,Unknown,,0,"{""relevance"": ""name_only_candidate"", ""decision"": ""NEEDS_REVIEW"", ""source"": null, ""evidence_score"": 0.4, ""evidence_sources"": [""crossref""], ""memory_hint_count"": 0, ""memory_top_score"": 0.0, ""match_trace"": {}, ""name_only_candidate"": {""faculty_id"": 132, ""employee_id"": ""gen_ae4e5b50"", ""name_zh"": ""Yubo Wang"", ""department"": ""Key Laboratory of Bio-Resource and Eco-Environment of Ministry of Education, College of Life Sciences, State Key Laboratory of Hydraulics and Mountain River Engineering, Sichuan University, Chengdu, China"", ""name_score"": 0.75, ""aff_score"": 0.0, ""aff_used"": """", ""reason"": ""affiliati"
10.1038/s41467-024-51130-1,2,Jie Liang,Unknown,,0,"{""relevance"": ""name_only_candidate"", ""decision"": ""NEEDS_REVIEW"", ""source"": null, ""evidence_score"": 0.4, ""evidence_sources"": [""crossref""], ""memory_hint_count"": 0, ""memory_top_score"": 0.0, ""match_trace"": {}, ""name_only_candidate"": {""faculty_id"": 29, ""employee_id"": ""gen_595ef3d5"", ""name_zh"": ""Jie Liang"", ""department"": ""National Engineering Research Center for Biomaterials, Sichuan University, Chengdu, Sichuan, China"", ""name_score"": 1.0, ""aff_score"": 0.0, ""aff_used"": """", ""reason"": ""affiliation_unknown""}}"
10.1038/s41467-024-51130-1,3,Zixiao Li,Unknown,,0,"{""relevance"": ""name_only_candidate"", ""decision"": ""NEEDS_REVIEW"", ""source"": null, ""evidence_score"": 0.4, ""evidence_sources"": [""crossref""], ""memory_hint_count"": 0, ""memory_top_score"": 0.0, ""match_trace"": {}, ""name_only_candidate"": {""faculty_id"": 102, ""employee_id"": ""gen_4749a1b3"", ""name_zh"": ""Xiaolan Li"", ""department"": ""Department of Neurology and State Key Laboratory of Biotherapy, West China Hospital, Sichuan University, Chengdu, Sichuan, China"", ""name_score"": 0.7368421052631579, ""aff_score"": 0.0, ""aff_used"": """", ""reason"": ""affiliation_unknown""}}"
10.1038/s41467-024-51130-1,4,Tingyu Yan,Unknown,,0,"{""relevance"": ""name_only_candidate"", ""decision"": ""NEEDS_REVIEW"", ""source"": null, ""evidence_score"": 0.4, ""evidence_sources"": [""crossref""], ""memory_hint_count"": 0, ""memory_top_score"": 0.0, ""match_trace"": {}, ""name_only_candidate"": {""faculty_id"": 123, ""employee_id"": ""gen_64cc0aad"", ""name_zh"": ""Ying Yang"", ""department"": ""Department of Respiratory and Critical Care Medicine, Med-X Center for Manufacturing, Center of Precision Medicine, Precision Medicine Key Laboratory of Sichuan Province, Frontiers Science Center for Disease-related Molecular Network, West China Hospital, West China Medical School"
10.1038/s41467-024-51130-1,5,Chaoxin Yang,Unknown,,0,"{""relevance"": ""name_only_candidate"", ""decision"": ""NEEDS_REVIEW"", ""source"": null, ""evidence_score"": 0.4, ""evidence_sources"": [""crossref""], ""memory_hint_count"": 0, ""memory_top_score"": 0.0, ""match_trace"": {}, ""name_only_candidate"": {""faculty_id"": 103, ""employee_id"": ""gen_7c449d77"", ""name_zh"": ""Xin Yang"", ""department"": ""State Key Laboratory of Polymer Materials Engineering, Polymer Research Institute, Sichuan University, Chengdu, China"", ""name_score"": 0.9, ""aff_score"": 0.0, ""aff_used"": """", ""reason"": ""affiliation_unknown""}}"
10.1038/s41467-024-51130-1,6,Shengjun Sun,Unknown,,0,"{""relevance"": ""name_only_candidate"", ""decision"": ""NEEDS_REVIEW"", ""source"": null, ""evidence_score"": 0.4, ""evidence_sources"": [""crossref""], ""memory_hint_count"": 0, ""memory_top_score"": 0.0, ""match_trace"": {}, ""name_only_candidate"": {""faculty_id"": 24, ""employee_id"": ""gen_1b6f6474"", ""name_zh"": ""Huan Sun"", ""department"": ""National Engineering Research Center for Biomaterials, Sichuan University, Chengdu, Sichuan, China"", ""name_score"": 0.7, ""aff_score"": 0.0, ""aff_used"": """", ""reason"": ""affiliation_unknown""}}"
10.1038/s41467-024-51130-1,8,Xuwei Liu,Unknown,,0,"{""relevance"": ""name_only_candidate"", ""decision"": ""NEEDS_REVIEW"", ""source"": null, ""evidence_score"": 0.4, ""evidence_sources"": [""crossref""], ""memory_hint_count"": 0, ""memory_top_score"": 0.0, ""match_trace"": {}, ""name_only_candidate"": {""faculty_id"": 92, ""employee_id"": ""gen_5e03590d"", ""name_zh"": ""Weizhi Liu"", ""department"": ""Sports Medicine Center, West China Hospital, Sichuan University, Chengdu, China"", ""name_score"": 0.7368421052631579, ""aff_score"": 0.0, ""aff_used"": """", ""reason"": ""affiliation_unknown""}}"
10.1038/s41467-024-51130-1,9,Ting Xie,Unknown,,0,"{""relevance"": ""name_only_candidate"", ""decision"": ""NEEDS_REVIEW"", ""source"": null, ""evidence_score"": 0.4, ""evidence_sources"": [""crossref""], ""memory_hint_count"": 0, ""memory_top_score"": 0.0, ""match_trace"": {}, ""name_only_candidate"": {""faculty_id"": 85, ""employee_id"": ""gen_943e96a7"", ""name_zh"": ""Ting Xue"", ""department"": ""College of Biomass Science and Engineering, Department of Respiratory and Critical Care Medicine, State Key Laboratory of Biotherapy and Cancer Center, West China Hospital, Sichuan University, Chengdu, China"", ""name_score"": 0.875, ""aff_score"": 0.0, ""aff_used"": """", ""reason"": ""affilia"
10.1038/s41467-024-51130-1,10,Yan Wang,Unknown,,0,"{""relevance"": ""name_only_candidate"", ""decision"": ""NEEDS_REVIEW"", ""source"": null, ""evidence_score"": 0.4, ""evidence_sources"": [""crossref""], ""memory_hint_count"": 0, ""memory_top_score"": 0.0, ""match_trace"": {}, ""name_only_candidate"": {""faculty_id"": 129, ""employee_id"": ""gen_d819aaf3"", ""name_zh"": ""Yuan Wang"", ""department"": ""Department of Neurosurgery, State Key Laboratory of Biotherapy and Cancer Center, West China Hospital, Sichuan University, Chengdu, China"", ""name_score"": 0.9411764705882353, ""aff_score"": 0.0, ""aff_used"": """", ""reason"": ""affiliation_unknown""}}"
10.1038/s41467-024-51130-1,12,Yongsong Luo,Unknown,,0,"{""relevance"": ""name_only_candidate"", ""decision"": ""NEEDS_REVIEW"", ""source"": null, ""evidence_score"": 0.4, ""evidence_sources"": [""crossref""], ""memory_hint_count"": 0, ""memory_top_score"": 0.0, ""match_trace"": {}, ""name_only_candidate"": {""faculty_id"": 15, ""employee_id"": ""gen_c42895b3"", ""name_zh"": ""Gonggong Lu"", ""department"": ""National Engineering Research Center for Biomaterials, Sichuan University, Chengdu, Sichuan, China"", ""name_score"": 0.782608695652174, ""aff_score"": 0.0, ""aff_used"": """", ""reason"": ""affiliation_unknown""}}"
10.1038/s41467-024-51130-1,13,Dongdong Zheng,Unknown,,0,"{""relevance"": ""name_only_candidate"", ""decision"": ""NEEDS_REVIEW"", ""source"": null, ""evidence_score"": 0.4, ""evidence_sources"": [""crossref""], ""memory_hint_count"": 0, ""memory_top_score"": 0.0, ""match_trace"": {}, ""name_only_candidate"": {""faculty_id"": 105, ""employee_id"": ""gen_306ec32d"", ""name_zh"": ""Xingdong Zhang"", ""department"": ""National Engineering Research Center for Biomaterials, Sichuan University, Chengdu, Sichuan, China"", ""name_score"": 0.7857142857142857, ""aff_score"": 0.0, ""aff_used"": """", ""reason"": ""affiliation_unknown""}}"
10.1038/s41467-024-51130-1,14,Qian Liu,Unknown,,0,"{""relevance"": ""name_only_candidate"", ""decision"": ""NEEDS_REVIEW"", ""source"": null, ""evidence_score"": 0.4, ""evidence_sources"": [""crossref""], ""memory_hint_count"": 0, ""memory_top_score"": 0.0, ""match_trace"": {}, ""name_only_candidate"": {""faculty_id"": 19, ""employee_id"": ""gen_81794865"", ""name_zh"": ""Han Liu"", ""department"": ""Department of Computer Science and Technology, Sichuan University, Chengdu, China"", ""name_score"": 0.8, ""aff_score"": 0.0, ""aff_used"": """", ""reason"": ""affiliation_unknown""}}"
10.1038/s41467-024-51130-1,15,Jingxiang Zhao,Unknown,,0,"{""relevance"": ""name_only_candidate"", ""decision"": ""NEEDS_REVIEW"", ""source"": null, ""evidence_score"": 0.4, ""evidence_sources"": [""crossref""], ""memory_hint_count"": 0, ""memory_top_score"": 0.0, ""match_trace"": {}, ""name_only_candidate"": {""faculty_id"": 43, ""employee_id"": ""gen_3b5fe724"", ""name_zh"": ""Lingling Zhou"", ""department"": ""Department of Neurosurgery, State Key Laboratory of Biotherapy and Cancer Center, West China Hospital, Sichuan University, Chengdu, China"", ""name_score"": 0.7407407407407407, ""aff_score"": 0.0, ""aff_used"": """", ""reason"": ""affiliation_unknown""}}"
10.1038/s41467-024-51130-1,16,Xuping Sun,Unknown,,0,"{""relevance"": ""name_only_candidate"", ""decision"": ""NEEDS_REVIEW"", ""source"": null, ""evidence_score"": 0.4, ""evidence_sources"": [""crossref""], ""memory_hint_count"": 0, ""memory_top_score"": 0.0, ""match_trace"": {}, ""name_only_candidate"": {""faculty_id"": 112, ""employee_id"": ""gen_4472aa37"", ""name_zh"": ""Xuping Sun"", ""department"": ""High Altitude Medical Center, West China Hospital, Sichuan University, Chengdu, Sichuan, China"", ""name_score"": 1.0, ""aff_score"": 0.0, ""aff_used"": """", ""reason"": ""affiliation_unknown""}}"
10.1038/s41467-024-51130-1,17,Bo Tang,Unknown,,0,"{""relevance"": ""name_only_candidate"", ""decision"": ""NEEDS_REVIEW"", ""source"": null, ""evidence_score"": 0.4, ""evidence_sources"": [""crossref""], ""memory_hint_count"": 0, ""memory_top_score"": 0.0, ""match_trace"": {}, ""name_only_candidate"": {""faculty_id"": 132, ""employee_id"": ""gen_ae4e5b50"", ""name_zh"": ""Yubo Wang"", ""department"": ""Key Laboratory of Bio-Resource and Eco-Environment of Ministry of Education, College of Life Sciences, State Key Laboratory of Hydraulics and Mountain River Engineering, Sichuan University, Chengdu, China"", ""name_score"": 0.75, ""aff_score"": 0.0, ""aff_used"": """", ""reason"": ""affiliati"
